Name,EP,GP
Amaekoromo,1550,150
uruoujun-æ¶¦æ¶¦,0,150
Ocaso,0,150
The Gents,0,150
BraveJim,0,150
Leonharts,0,150
Elmelloi,2000,373
Pipidroo,2000,150
Kurogewagyu,0,150
Metemlj-è½®å›,2000,150
beicandetimi,0,150
watanabe,0,150
Jumppluff,2000,199
HatanoYui,0,150
ding,0,150
Nigeniu-è¨æ»¡,2000,250
Iceboxs,2000,281
Ssl,0,150
November,0,150
wulichen,0,150
Rollaway-Rogue,2000,150
Itchyspider,2000,352
VurtnÃ¨,2000,236
Primechop,0,150
Kidsbear,0,150
Icebluesky,2000,225
Heynew-Patchouli#1330,2000,300
Porkguyæˆ°å¦,0,150
Chubbyhoof,2000,235
Nekgned,2000,150
Bubblemeow,1550,188
dashanxf,0,150
Baowen,1350,150
Disel ï¼ˆRogue Master),0,150
Lemonadedede,0,150
Bigredboom,0,150
BeyoncÃ©,0,150
Kuixing,0,150
Qingtas æˆ˜å£«,0,150
skyxd,0,150
cinder,0,150
Raingone,0,150
Caidenns,0,150
å‡‰è¥¿ç“œ,0,150
BigMQ,0,150
WeskerJD,2000,288
Standpower,0,150
Istoun - Mage,0,150
Honkeykiller,0,150
hearteyes,0,150
Kokodayo,2000,150
Abenjada,0,150
Jjerky,0,150
Depravedpain,0,150
Erma,0,150
Jimmymage,0,150
sisilol,0,150
NğŸ§¸,0,150
Narcissux,0,150
Gonky,0,150
Norinco,2000,185
tim yu,0,150
orangeboy,0,150
vvinter,0,150
RainKamiSama,0,150
Goldenpotato,0,150
Aiyoltw,0,150
Zeble,0,150
Nvwarriors,0,150
Thundersound,0,150
Twoballs,0,150
hokkaimeow,0,150
BurÃ±ing,0,150
Dolphinz,0,150
Twinklemilk,0,150
solomend,0,150
Zhazhahui,0,150
Haannkk Warlock,0,150
Shieldsup,0,150
Romanticdz-ç›—è´¼,0,150
Deathlight,0,150
Canadagoose,0,150
SunnyNeo,0,150
Nichousha,0,150
Quelaagg,0,150
jackbb,0,150
flywind,0,150
Mchotduck,0,150
Ceeceeb,0,150
Cuipi-äº¡çµç›—è´¼,0,150
Salat,0,150
ShÃ man,0,150
AlwxysprloL,0,150
fillforce,0,150
Furyd,0,150
scotpiiç›—è´¼,0,150
DBJ,0,150
Alersia,0,150
MinatoAqua,0,150
Vincent,0,150
ihavenolife,0,150
Viw_éº¦ç”°é‡Œ,0,150
Cowbulous_ç‰›å¤´å¾·,2000,250
Neverhealing,0,150
Fromchina,0,150
Echordç›—è´¼,0,150
Ulaa,0,150
Blinblin,0,150
LaKiSaMa,0,150
Tearsinrainç‹®å­ğŸ¦,0,150
çˆ†çˆ†Lucistalker,0,150
Skyxd,0,150
ZombieKnife,0,150
dkey,0,150
Windcloud,0,150
Ruaa,0,150
PumpkinspicÃ©,0,150
elbyewoo,0,150
Brokenshun,0,150
Gromhs-å…½äººæˆ˜,0,150
daiqll,0,150
eggeggz,0,150
Mixmix,0,150
Bbeef,0,150
Kobemamba-ç›—è´¼,0,150
ZS_lonelytea,0,150
chaospower,0,150
Aliez(Rainy),0,150
broicer,0,150
Kudou-------------EEEVA,0,150
Bitmybone,0,150
Etchi,0,150
fengzi,0,150
Drakdog,2000,150
Bkbbutterfly,0,150
Liqi äº¡çµæˆ˜å£«,0,150
Shervon,0,150
PusureDai æ‰‘æœ”,0,150
Machinelearn,0,150
MeatHunter,0,150
GangXiaoNing,0,150
beria,0,150
Drunkchef---rogue,2000,150
Ivankatrumpp,2000,150
Muse,0,150
Domomon,0,150
Wecheat æ³•å¸ˆ,0,150
lucianw,0,150
EvanONE,0,150
Enidlaogong,0,150
pydeal--SS,0,150
saitamaa,0,150
Chopchop,0,150
uguysrkeng,0,150
Loveash,0,150
Lalalalisa,0,150
Elminage,0,150
Fallser,0,150
Gcp - DZ/D,0,150
beefhotpot,2000,200
Sixsixsix,0,150
Babylonia,0,150
LittlePanda,0,150
Guldane,0,150
Riverwind,0,150
Grudges ç›—è´¼,0,150
Neverchoose,0,150
Yagao-Herod,0,150
centuryegg,0,150
Darkborne,0,150
sangelaileçŒäºº,0,150
Monkeykingg,0,150
Loonglong,0,150
Lan James,0,150
epimetheus,0,150
Megawatts,0,150
Confucious,0,150
Caspper-warlock,0,150
Zombybrother,0,150
Badbeat,0,150
ç›’ç›’,0,150
FS-Linkkin,0,150
Xyy,0,150
Liiet,0,150
Icymilk,0,150
Sumologic,0,150
konglingfu,0,150
Kriswu,0,150
Yelingxue,0,150
Heelloo,0,150
Murrior,0,150
Padys,0,150
Katououo,0,150
Nataly MS Brian8068-1537,0,150
luckyfive,2000,150
Urel,2000,150
Tiansoli,2000,150
Miraclebull,0,150
AliceLiu,2000,200
zs-littlerio,0,150
Litshaman,0,150
Hooyou,0,150
ZS-neiyo,0,150
Lokiing - æœ¯å£«,0,150
Ballsbeater,0,150
Amai,2000,236
Nemsey,0,150
zaezacet,0,150
Pipinee,2000,150
Vermouth,2000,150
tonylol,0,150
Necromanncer,2000,200
!waterfk,0,150
Fey,0,150
Hakumatata,0,150
Dagebiepao--ZS,0,150
Ironsky,0,150
DiDiZhan,0,150
Wayfieng,0,150
BigLiuMang,0,150
wulavivi,0,150
Finaldie,0,150
jokerblack,0,150
moonj,0,150
Patserbounce,0,150
Yokey,0,150
MarcLegend,0,150
Idlen,0,150
Auguster,2000,150
Onz,0,150
zn ( lilianvoss ),0,150
Lawt,0,150
Blackcurse,0,150
BIdaixie,0,150
è–›å®šè°”çš„å…”å­,0,150
Udhashashin,0,150
Qialifornia,2000,150
kuki,0,150
Fspp,0,150
LyleLyle,0,150
holynirvana,0,150
mazhenn,0,150
Northwind,0,150
Dankcalgar - æ³•å¸ˆ,0,150
Ricky-Sixsixsix,0,150
Blueflyäº¡çµæˆ˜å£«,0,150
Usoopp,0,150
waaghrior,0,150
LilArgot,0,150
ititi,0,150
HONOKAA,0,150
Bigarse,0,150
junmo-çŒäºº,0,150
Adada,0,150
Hellapeno,0,150
iamyiyi,0,150
Cenalaolv,0,150
ClaraHH,0,150
shadowyhero,0,150
Bisusc/Apmzero,0,150
Ballsbeater,0,150
Lovelywinnie,0,150
Diehuilaile,0,150
Topgmat,0,150
Sakuramatou,0,150
silverwt,0,150
babybear,0,150
Sophon/Ammorock,0,150
MSâ€”Sukam,0,150
Nineninene,0,150
Dorange,0,150
Highriskx (Mosanz),2000,150
Shushi,0,150
HolyWallet,2000,150
DanielWuï¼ˆæœ¯å£«ï¼‰,0,150
Umeii,0,150
Zeroseven,0,150
Waternj,0,150
Swordguard,0,150
Gandamo,2000,188
waiwai,0,150
Drakedoggy-TTSONG,0,150
Washcutblow,0,150
Mottoe,0,150
Amao,0,150
leomessi,0,150
Mangfu,0,150
Menzai,0,150
Maruji - douyu/7493058,0,150
Elastic,0,150
Ruuaa,0,150
Lusixsix,0,150
postlife,0,150
CXKFATHER,0,150
Reoll,0,150
Seed/Seardna,2000,250
Frostykiteys,0,150
pokemons,0,150
Syleiå¥³å…½çŒ,0,150
Yanquanquan,0,150
Yuxuan æ³•å¸ˆ,0,150
Aiolos,0,150
oia,0,150
Destin,0,150
Dtopd,1800,150
Deathfishy-Herod,0,150
Squiirtle,0,150
Studymonster,0,150
sugmadic,0,150
zeroabstract,0,150
Straypigeon,0,150
Arcanicus/Cormeumlux,0,150
pattonzhang  çŸ®äºº çŒäºº,0,150
Quelthelan,0,150
Holyfan mage,0,150
timi,0,150
Shuaishuaide,0,150
Missyu,0,150
Gghh,0,150
Annie,0,150
Leeeeeeoy,0,150
The micky MAO,0,150
Nxnmn,0,150
mengyicao,0,150
Akilios,0,150
Dandaka,0,150
Brainhole,0,150
gokugml,0,150
Lazymilk,0,150
fishbonds,0,150
driudddd,0,150
Foigottenâ˜†â˜†,0,150
Maodaa,0,150
Theelder,0,150
TaoziğŸ‘,0,150
jlchacha-georgey,0,150
EvilIOX,0,150
ruaura,0,150
Memorial,0,150
NVWarrior,0,150
Tastea,0,150
Issis,0,150
watanabe,2000,284
geejaa,0,150
Eddie,0,150
Destinyjoker,1700,150
widowfuxxer,0,150
